id;rq;zygsdm;hth;zywtrid;zywtr;zhwchm;hwmch;gq;shl;syl
1;2021-04-08;旁 Sausages;adapter Directives;84463;Computers;solid;Dynamic;旁 黑龙江省 virtual;2196;34215
2;2021-04-08;UIC-Franc Rustic;Practical directional circuit;48190;Checking;Beauty e-business;facilitate;portals hack;80538;55968
3;2021-04-09;Supervisor Kids empower;Shoes redundant;16052;Corporate Brand;withdrawal connect;Wooden out-of-the-box;Table projection green;70069;85903
4;2021-04-08;contextually-based 山东省;interfaces Health invoice;23902;intermediate Handcrafted GB;Outdoors;侬 neural connect;Monaco Bacon;56012;87097
5;2021-04-08;transmitter Realigned;Principal;47029;workforce firmware emulation;Branding index mission-critical;Republic green International;quantifying Cambridgeshire Money;84745;70636
6;2021-04-08;cross-platform;override blockchains;11261;宁夏 redundant;customized;Small actuating;Pants;86201;93201
7;2021-04-08;olive;connecting;66176;transmit Plastic Outdoors;Pizza Fresh transmitting;Fresh;Granite niches;39697;30113
8;2021-04-08;azure;project eyeballs;99590;Progressive Program;Handcrafted connect;bluetooth;Games;56039;26239
9;2021-04-08;Music 路 Ruble;yellow;70712;Awesome content;navigating;pixel Berkshire Program;Rustic Generic;4275;34262
10;2021-04-08;collaborative Configuration;Communications;15692;channels Tasty Granite;Loan;markets convergence 河北省;Franc withdrawal;53714;42747
